"veterinarianid","veterinarianname","qualification","experience","contactemail","contactphone"
1,"Dr. Smith","DVM",5,"dr.smith@email.com","9123456781"
2,"Dr. Johnson","DVM",8,"dr.johnson@email.com","9345678902"
3,"Dr. Williams","DVM",10,"dr.williams@email.com","9123456783"
4,"Dr. Jones","DVSc",12,"dr.jones@email.com","9456789012"
5,"Dr. Brown","DVSc",7,"dr.brown@email.com","9123456784"
6,"Dr. Davis","DVM",9,"dr.davis@email.com","9678901234"
7,"Dr. Miller","DVSc",6,"dr.miller@email.com","9123456785"
8,"Dr. Wilson","DVM",14,"dr.wilson@email.com","9789012345"
9,"Dr. Moore","DVM",4,"dr.moore@email.com","9123456786"
10,"Dr. Taylor","DVSc",11,"dr.taylor@email.com","9890123456"
11,"Dr. Anderson","DVM",8,"dr.anderson@email.com","9123456787"
12,"Dr. Thomas","DVSc",5,"dr.thomas@email.com","9987654321"
13,"Dr. Jackson","DVM",10,"dr.jackson@email.com","9123456788"
14,"Dr. White","DVM",7,"dr.white@email.com","9123456789"
15,"Dr. Harris","DVSc",12,"dr.harris@email.com","9123456790"
16,"Dr. Martin","DVSc",6,"dr.martin@email.com","9123456791"
17,"Dr. Thompson","DVM",9,"dr.thompson@email.com","9123456792"
18,"Dr. Garcia","DVSc",11,"dr.garcia@email.com","9123456793"
19,"Dr. Martinez","DVM",3,"dr.martinez@email.com","9123456794"
20,"Dr. Robinson","DVSc",14,"dr.robinson@email.com","9123456795"
21,"Dr. Allen","DVM",5,"dr.allen@email.com","9123456796"
22,"Dr. Young","DVSc",8,"dr.young@email.com","9123456797"
23,"Dr. Hernandez","DVM",10,"dr.hernandez@email.com","9123456798"
24,"Dr. King","DVSc",12,"dr.king@email.com","9123456799"
25,"Dr. Wright","DVM",7,"dr.wright@email.com","9123456800"
26,"Dr. Lopez","DVSc",9,"dr.lopez@email.com","9123456801"
27,"Dr. Hill","DVM",6,"dr.hill@email.com","9123456802"
28,"Dr. Scott","DVSc",14,"dr.scott@email.com","9123456803"
29,"Dr. Green","DVM",4,"dr.green@email.com","9123456804"
30,"Dr. Adams","DVM",11,"dr.adams@email.com","9123456805"
31,"Dr. Baker","DVSc",8,"dr.baker@email.com","9123456806"
32,"Dr. Gonzalez","DVM",10,"dr.gonzalez@email.com","9123456807"
33,"Dr. Nelson","DVSc",12,"dr.nelson@email.com","9123456808"
34,"Dr. Carter","DVM",7,"dr.carter@email.com","9123456809"
35,"Dr. Mitchell","DVSc",9,"dr.mitchell@email.com","9123456810"
36,"Dr. Perez","DVM",6,"dr.perez@email.com","9123456811"
37,"Dr. Roberts","DVSc",14,"dr.roberts@email.com","9123456812"
38,"Dr. Turner","DVM",5,"dr.turner@email.com","9123456813"
39,"Dr. Phillips","DVM",8,"dr.phillips@email.com","9123456814"
40,"Dr. Campbell","DVSc",10,"dr.campbell@email.com","9123456815"
41,"Dr. Parker","DVM",3,"dr.parker@email.com","9123456816"
42,"Dr. Evans","DVSc",14,"dr.evans@email.com","9123456817"
43,"Dr. Edwards","DVM",7,"dr.edwards@email.com","9123456818"
44,"Dr. Collins","DVSc",9,"dr.collins@email.com","9123456819"
45,"Dr. Stewart","DVM",11,"dr.stewart@email.com","9123456820"
46,"Dr. Sanchez","DVSc",6,"dr.sanchez@email.com","9123456821"
47,"Dr. Morris","DVM",10,"dr.morris@email.com","9123456822"
48,"Dr. Rogers","DVSc",12,"dr.rogers@email.com","9123456823"
49,"Dr. Reed","DVM",7,"dr.reed@email.com","9123456824"
50,"Dr. Cook","DVSc",9,"dr.cook@email.com","9123456825"
51,"Dr. Morgan","DVM",6,"dr.morgan@email.com","9123456826"
52,"Dr. Bell","DVSc",14,"dr.bell@email.com","9123456827"
53,"Dr. Murphy","DVM",5,"dr.murphy@email.com","9123456828"
54,"Dr. Bailey","DVM",8,"dr.bailey@email.com","9123456829"
55,"Dr. Rivera","DVSc",10,"dr.rivera@email.com","9123456830"
56,"Dr. Cooper","DVM",12,"dr.cooper@email.com","9123456831"
57,"Dr. Long","DVSc",7,"dr.long@email.com","9123456832"
58,"Dr. Diaz","DVM",9,"dr.diaz@email.com","9123456833"
59,"Dr. Richardson","DVSc",11,"dr.richardson@email.com","9123456834"
60,"Dr. Wood","DVM",4,"dr.wood@email.com","9123456835"
61,"Dr. Fisher","DVSc",10,"dr.fisher@email.com","9123456836"
62,"Dr. Grant","DVM",7,"dr.grant@email.com","9123456837"
63,"Dr. Owens","DVSc",9,"dr.owens@email.com","9123456838"
64,"Dr. Hughes","DVM",12,"dr.hughes@email.com","9123456839"
65,"Dr. Mason","DVSc",5,"dr.mason@email.com","9123456840"
66,"Dr. Hunter","DVM",8,"dr.hunter@email.com","9123456841"
67,"Dr. Dixon","DVSc",10,"dr.dixon@email.com","9123456842"
68,"Dr. Taylor","DVM",11,"dr.taylor@email.com","9123456843"
69,"Dr. Boyd","DVSc",6,"dr.boyd@email.com","9123456844"
70,"Dr. Cox","DVM",14,"dr.cox@email.com","9123456845"
71,"Dr. Griffin","DVSc",5,"dr.griffin@email.com","9123456846"
72,"Dr. Wells","DVM",8,"dr.wells@email.com","9123456847"
73,"Dr. Black","DVSc",10,"dr.black@email.com","9123456848"
74,"Dr. Coleman","DVM",12,"dr.coleman@email.com","9123456849"
75,"Dr. Owens","DVSc",7,"dr.owens@email.com","9123456850"
76,"Dr. Simmons","DVM",9,"dr.simmons@email.com","9123456851"
77,"Dr. Webb","DVSc",6,"dr.webb@email.com","9123456852"
78,"Dr. Maxwell","DVM",14,"dr.maxwell@email.com","9123456853"
79,"Dr. Hunt","DVM",3,"dr.hunt@email.com","9123456854"
80,"Dr. Turner","DVSc",10,"dr.turner@email.com","9123456855"
81,"Dr. Palmer","DVM",7,"dr.palmer@email.com","9123456856"
82,"Dr. Stone","DVSc",9,"dr.stone@email.com","9123456857"
83,"Dr. Boyd","DVM",11,"dr.boyd@email.com","9123456858"
84,"Dr. Cook","DVSc",6,"dr.cook@email.com","9123456859"
85,"Dr. Rivera","DVM",10,"dr.rivera@email.com","9123456860"
86,"Dr. Ford","DVSc",12,"dr.ford@email.com","9123456861"
87,"Dr. Simmons","DVM",7,"dr.simmons@email.com","9123456862"
88,"Dr. Barker","DVSc",9,"dr.barker@email.com","9123456863"
89,"Dr. Ramos","DVM",5,"dr.ramos@email.com","9123456864"
90,"Dr. Goodman","DVSc",14,"dr.goodman@email.com","9123456865"
91,"Dr. Perry","DVM",6,"dr.perry@email.com","9123456866"
92,"Dr. Mason","DVSc",10,"dr.mason@email.com","9123456867"
93,"Dr. Keller","DVM",12,"dr.keller@email.com","9123456868"
94,"Dr. Weaver","DVSc",7,"dr.weaver@email.com","9123456869"
95,"Dr. Turner","DVM",9,"dr.turner@email.com","9123456870"
96,"Dr. Kelley","DVSc",11,"dr.kelley@email.com","9123456871"
97,"Dr. Singh","DVSc",14,"dr.singh@email.com","9123456872"
98,"Dr. Kumar","DVSc",7,"dr.kumar@email.com","9123456873"
99,"Dr. Khan","DVM",10,"dr.khan@email.com","9123456874"
100,"Dr. Sharma","DVM",8,"dr.sharma@email.com","9123456875"
101,"Dr. Tiwari","DVSc",5,"dr.tiwari@email.com","9123456876"
102,"Dr. Sahoo","DVM",10,"dr.sahoo@email.com","9123456877"
103,"Dr. Rathore","DVSc",7,"dr.rathore@email.com","9123456878"
104,"Dr. Patel","DVM",12,"dr.patel@email.com","9123456879"
105,"Dr. Singh","DVSc",3,"dr.singh@email.com","9123456880"
106,"Dr. Sharma","DVSc",14,"dr.sharma@email.com","9123456881"
107,"Dr. Yadav","DVM",8,"dr.yadav@email.com","9123456882"
108,"Dr. Mishra","DVM",11,"dr.mishra@email.com","9123456883"
109,"Dr. Khan","DVSc",6,"dr.khan@email.com","9123456884"
110,"Dr. Singh","DVM",9,"dr.singh@email.com","9123456885"
111,"Dr. Patel","DVSc",14,"dr.patel@email.com","9123456886"
112,"Dr. Joshi","DVM",7,"dr.joshi@email.com","9123456887"
113,"Dr. Verma","DVSc",10,"dr.verma@email.com","9123456888"
114,"Dr. Reddy","DVSc",5,"dr.reddy@email.com","9123456889"
115,"Dr. Nair","DVM",12,"dr.nair@email.com","9123456890"
116,"Dr. Iyer","DVM",6,"dr.iyer@email.com","9123456891"
117,"Dr. Menon","DVSc",9,"dr.menon@email.com","9123456892"
118,"Dr. Kumar","DVSc",14,"dr.kumar@email.com","9123456893"
119,"Dr. Singh","DVM",7,"dr.singh@email.com","9123456894"
120,"Dr. Kumar","DVM",10,"dr.kumar@email.com","9123456895"
121,"Dr. Khan","DVSc",8,"dr.khan@email.com","9123456896"
122,"Dr. Sharma","DVSc",11,"dr.sharma@email.com","9123456897"
123,"Dr. Tiwari","DVM",5,"dr.tiwari@email.com","9123456898"
124,"Dr. Sahoo","DVSc",12,"dr.sahoo@email.com","9123456899"
125,"Dr. Rathore","DVSc",6,"dr.rathore@email.com","9123456900"
126,"Dr. Patel","DVM",9,"dr.patel@email.com","9123456901"
127,"Dr. Singh","DVSc",14,"dr.singh@email.com","9123456902"
128,"Dr. Kumar","DVSc",7,"dr.kumar@email.com","9123456903"
129,"Dr. Khan","DVM",10,"dr.khan@email.com","9123456904"
130,"Dr. Sharma","DVM",8,"dr.sharma@email.com","9123456905"
131,"Dr. Tiwari","DVSc",5,"dr.tiwari@email.com","9123456906"
132,"Dr. Sahoo","DVM",10,"dr.sahoo@email.com","9123456907"
133,"Dr. Rathore","DVSc",7,"dr.rathore@email.com","9123456908"
134,"Dr. Patel","DVM",12,"dr.patel@email.com","9123456909"
135,"Dr. Singh","DVSc",3,"dr.singh@email.com","9123456910"
136,"Dr. Sharma","DVSc",14,"dr.sharma@email.com","9123456911"
137,"Dr. Yadav","DVM",8,"dr.yadav@email.com","9123456912"
138,"Dr. Mishra","DVM",11,"dr.mishra@email.com","9123456913"
139,"Dr. Khan","DVSc",6,"dr.khan@email.com","9123456914"
140,"Dr. Singh","DVM",9,"dr.singh@email.com","9123456915"
141,"Dr. Patel","DVSc",14,"dr.patel@email.com","9123456916"
142,"Dr. Joshi","DVM",7,"dr.joshi@email.com","9123456917"
143,"Dr. Verma","DVSc",10,"dr.verma@email.com","9123456918"
144,"Dr. Reddy","DVSc",5,"dr.reddy@email.com","9123456919"
145,"Dr. Nair","DVM",12,"dr.nair@email.com","9123456920"
146,"Dr. Iyer","DVM",6,"dr.iyer@email.com","9123456921"
147,"Dr. Menon","DVSc",9,"dr.menon@email.com","9123456922"
148,"Dr. Kumar","DVSc",14,"dr.kumar@email.com","9123456923"
149,"Dr. Singh","DVM",7,"dr.singh@email.com","9123456924"
150,"Dr. Kumar","DVM",10,"dr.kumar@email.com","9123456925"
151,"Dr. Khan","DVSc",8,"dr.khan@email.com","9123456926"
152,"Dr. Sharma","DVSc",11,"dr.sharma@email.com","9123456927"
153,"Dr. Tiwari","DVM",5,"dr.tiwari@email.com","9123456928"
154,"Dr. Sahoo","DVSc",12,"dr.sahoo@email.com","9123456929"
155,"Dr. Rathore","DVSc",6,"dr.rathore@email.com","9123456930"
156,"Dr. Patel","DVM",9,"dr.patel@email.com","9123456931"
157,"Dr. Singh","DVSc",14,"dr.singh@email.com","9123456932"
158,"Dr. Kumar","DVSc",7,"dr.kumar@email.com","9123456933"
159,"Dr. Khan","DVM",10,"dr.khan@email.com","9123456934"
160,"Dr. Sharma","DVM",8,"dr.sharma@email.com","9123456935"
161,"Dr. Tiwari","DVSc",5,"dr.tiwari@email.com","9123456936"
162,"Dr. Sahoo","DVM",10,"dr.sahoo@email.com","9123456937"
163,"Dr. Rathore","DVSc",7,"dr.rathore@email.com","9123456938"
164,"Dr. Patel","DVM",12,"dr.patel@email.com","9123456939"
165,"Dr. Singh","DVSc",3,"dr.singh@email.com","9123456940"
166,"Dr. Sharma","DVSc",14,"dr.sharma@email.com","9123456941"
167,"Dr. Yadav","DVM",8,"dr.yadav@email.com","9123456942"
168,"Dr. Mishra","DVM",11,"dr.mishra@email.com","9123456943"
169,"Dr. Khan","DVSc",6,"dr.khan@email.com","9123456944"
170,"Dr. Singh","DVM",9,"dr.singh@email.com","9123456945"
171,"Dr. Patel","DVSc",14,"dr.patel@email.com","9123456946"
172,"Dr. Joshi","DVM",7,"dr.joshi@email.com","9123456947"
173,"Dr. Verma","DVSc",10,"dr.verma@email.com","9123456948"
174,"Dr. Reddy","DVSc",5,"dr.reddy@email.com","9123456949"
175,"Dr. Nair","DVM",12,"dr.nair@email.com","9123456950"
176,"Dr. Iyer","DVM",6,"dr.iyer@email.com","9123456951"
177,"Dr. Menon","DVSc",9,"dr.menon@email.com","9123456952"
178,"Dr. Kumar","DVSc",14,"dr.kumar@email.com","9123456953"
179,"Dr. Singh","DVM",7,"dr.singh@email.com","9123456954"
180,"Dr. Kumar","DVM",10,"dr.kumar@email.com","9123456955"
181,"Dr. Khan","DVSc",8,"dr.khan@email.com","9123456956"
182,"Dr. Sharma","DVSc",11,"dr.sharma@email.com","9123456957"
183,"Dr. Tiwari","DVM",5,"dr.tiwari@email.com","9123456958"
184,"Dr. Sahoo","DVSc",12,"dr.sahoo@email.com","9123456959"
185,"Dr. Rathore","DVSc",6,"dr.rathore@email.com","9123456960"
186,"Dr. Patel","DVM",9,"dr.patel@email.com","9123456961"
187,"Dr. Singh","DVSc",14,"dr.singh@email.com","9123456962"
188,"Dr. Kumar","DVSc",7,"dr.kumar@email.com","9123456963"
189,"Dr. Khan","DVM",10,"dr.khan@email.com","9123456964"
190,"Dr. Sharma","DVM",8,"dr.sharma@email.com","9123456965"
191,"Dr. Tiwari","DVSc",5,"dr.tiwari@email.com","9123456966"
